Date,Category,Likes
2021-01-01,Food,8355
2021-01-02,Food,1344
2021-01-03,Fashion,2479
2021-01-04,Fashion,7483
2021-01-05,Food,75
2021-01-06,Travel,7361
2021-01-07,Family,2867
2021-01-08,Food,6034
2021-01-09,Health,9727
2021-01-10,Fitness,3694
2021-01-11,Food,9871
2021-01-12,Fitness,9922
2021-01-13,Family,4921
2021-01-14,Culture,6848
2021-01-15,Health,5911
2021-01-16,Fashion,8210
2021-01-17,Family,3588
2021-01-18,Music,1353
2021-01-19,Culture,1102
2021-01-20,Health,2547
2021-01-21,Family,5355
2021-01-22,Music,24
2021-01-23,Fashion,1805
2021-01-24,Health,1620
2021-01-25,Travel,758
2021-01-26,Food,7824
2021-01-27,Health,9522
2021-01-28,Culture,984
2021-01-29,Fitness,6857
2021-01-30,Family,2150
2021-01-31,Family,2472
2021-02-01,Culture,2612
2021-02-02,Travel,5952
2021-02-03,Family,18
2021-02-04,Family,7564
2021-02-05,Health,6005
2021-02-06,Fashion,6897
2021-02-07,Travel,4622
2021-02-08,Culture,5107
2021-02-09,Fashion,9660
2021-02-10,Travel,1733
2021-02-11,Culture,491
2021-02-12,Fashion,480
2021-02-13,Food,1937
2021-02-14,Food,1835
2021-02-15,Travel,4370
2021-02-16,Fashion,5783
2021-02-17,Culture,9852
2021-02-18,Fashion,795
2021-02-19,Music,7097
2021-02-20,Fashion,2588
2021-02-21,Food,1867
2021-02-22,Travel,1904
2021-02-23,Culture,2411
2021-02-24,Travel,4808
2021-02-25,Fitness,9196
2021-02-26,Food,1100
2021-02-27,Culture,6417
2021-02-28,Culture,445
2021-03-01,Travel,2815
2021-03-02,Fashion,749
2021-03-03,Family,5895
2021-03-04,Music,3188
2021-03-05,Food,8403
2021-03-06,Family,5501
2021-03-07,Culture,1654
2021-03-08,Health,6015
2021-03-09,Travel,5042
2021-03-10,Culture,8155
2021-03-11,Health,5481
2021-03-12,Travel,5301
2021-03-13,Family,6887
2021-03-14,Fitness,4053
2021-03-15,Culture,555
2021-03-16,Fashion,4834
2021-03-17,Travel,4363
2021-03-18,Music,7966
2021-03-19,Family,9848
2021-03-20,Culture,8190
2021-03-21,Travel,3867
2021-03-22,Fashion,5364
2021-03-23,Fashion,3266
2021-03-24,Music,5572
2021-03-25,Fashion,5592
2021-03-26,Family,6886
2021-03-27,Family,2911
2021-03-28,Culture,6614
2021-03-29,Music,2646
2021-03-30,Music,7467
2021-03-31,Travel,2122
2021-04-01,Fitness,6991
2021-04-02,Health,2040
2021-04-03,Fashion,1927
2021-04-04,Food,2935
2021-04-05,Family,2077
2021-04-06,Health,9314
2021-04-07,Health,7716
2021-04-08,Health,5568
2021-04-09,Health,4824
2021-04-10,Travel,9609
2021-04-11,Music,2031
2021-04-12,Travel,7944
2021-04-13,Fitness,6649
2021-04-14,Fashion,1749
2021-04-15,Culture,1606
2021-04-16,Fitness,754
2021-04-17,Culture,490
2021-04-18,Family,1730
2021-04-19,Family,2341
2021-04-20,Travel,3144
2021-04-21,Family,3567
2021-04-22,Food,3358
2021-04-23,Travel,3733
2021-04-24,Food,2575
2021-04-25,Travel,6052
2021-04-26,Culture,1679
2021-04-27,Family,8718
2021-04-28,Food,6942
2021-04-29,Travel,4887
2021-04-30,Food,7130
2021-05-01,Travel,3148
2021-05-02,Food,4009
2021-05-03,Fashion,8353
2021-05-04,Health,1918
2021-05-05,Health,4100
2021-05-06,Fitness,2562
2021-05-07,Fitness,8635
2021-05-08,Fashion,7991
2021-05-09,Travel,6519
2021-05-10,Family,7060
2021-05-11,Fitness,167
2021-05-12,Family,5776
2021-05-13,Family,6018
2021-05-14,Fashion,6126
2021-05-15,Health,5367
2021-05-16,Travel,1107
2021-05-17,Fashion,5568
2021-05-18,Family,9701
2021-05-19,Food,2564
2021-05-20,Fitness,7956
2021-05-21,Fashion,6613
2021-05-22,Culture,5028
2021-05-23,Music,631
2021-05-24,Music,7574
2021-05-25,Music,5994
2021-05-26,Fashion,6
2021-05-27,Health,2985
2021-05-28,Travel,2777
2021-05-29,Fashion,3629
2021-05-30,Travel,852
2021-05-31,Music,1646
2021-06-01,Culture,4734
2021-06-02,Fitness,1494
2021-06-03,Culture,868
2021-06-04,Food,2900
2021-06-05,Culture,8964
2021-06-06,Fitness,6305
2021-06-07,Fashion,8010
2021-06-08,Health,6185
2021-06-09,Family,8092
2021-06-10,Health,2536
2021-06-11,Food,7732
2021-06-12,Fitness,4246
2021-06-13,Travel,3288
2021-06-14,Family,4249
2021-06-15,Health,7690
2021-06-16,Travel,9867
2021-06-17,Health,6251
2021-06-18,Fashion,2511
2021-06-19,Fitness,8383
2021-06-20,Culture,2833
2021-06-21,Food,8192
2021-06-22,Family,4913
2021-06-23,Family,7738
2021-06-24,Family,593
2021-06-25,Travel,1943
2021-06-26,Food,1123
2021-06-27,Family,7879
2021-06-28,Fitness,4041
2021-06-29,Music,498
2021-06-30,Health,2789
2021-07-01,Fashion,8012
2021-07-02,Family,2063
2021-07-03,Food,6279
2021-07-04,Fashion,4430
2021-07-05,Music,7873
2021-07-06,Music,6162
2021-07-07,Family,9248
2021-07-08,Fitness,6263
2021-07-09,Travel,5113
2021-07-10,Travel,3411
2021-07-11,Music,960
2021-07-12,Fashion,3143
2021-07-13,Fitness,6934
2021-07-14,Food,4643
2021-07-15,Family,8942
2021-07-16,Travel,1651
2021-07-17,Travel,7930
2021-07-18,Family,9732
2021-07-19,Culture,9735
2021-07-20,Fitness,8229
2021-07-21,Fashion,5402
2021-07-22,Health,9157
2021-07-23,Music,389
2021-07-24,Fitness,456
2021-07-25,Family,2509
2021-07-26,Fitness,6347
2021-07-27,Music,2443
2021-07-28,Health,7965
2021-07-29,Travel,4118
2021-07-30,Music,3005
2021-07-31,Culture,7903
2021-08-01,Music,9609
2021-08-02,Culture,8567
2021-08-03,Fashion,7758
2021-08-04,Food,2624
2021-08-05,Music,8726
2021-08-06,Travel,2187
2021-08-07,Food,9247
2021-08-08,Family,2683
2021-08-09,Travel,3743
2021-08-10,Health,112
2021-08-11,Fashion,6725
2021-08-12,Fitness,7584
2021-08-13,Family,4027
2021-08-14,Family,9008
2021-08-15,Food,4175
2021-08-16,Family,9372
2021-08-17,Health,1968
2021-08-18,Fashion,8512
2021-08-19,Music,9038
2021-08-20,Fitness,5856
2021-08-21,Health,686
2021-08-22,Health,3589
2021-08-23,Fitness,130
2021-08-24,Fitness,5675
2021-08-25,Health,9518
2021-08-26,Family,8186
2021-08-27,Travel,8320
2021-08-28,Travel,8519
2021-08-29,Music,1779
2021-08-30,Food,2341
2021-08-31,Music,7262
2021-09-01,Food,1667
2021-09-02,Food,5068
2021-09-03,Family,8041
2021-09-04,Food,5566
2021-09-05,Travel,3499
2021-09-06,Fashion,3442
2021-09-07,Culture,7780
2021-09-08,Health,4662
2021-09-09,Music,2216
2021-09-10,Fitness,2948
2021-09-11,Culture,543
2021-09-12,Fashion,462
2021-09-13,Family,7901
2021-09-14,Health,5947
2021-09-15,Food,7800
2021-09-16,Food,6057
2021-09-17,Food,3848
2021-09-18,Music,6459
2021-09-19,Health,1190
2021-09-20,Family,3619
2021-09-21,Health,4277
2021-09-22,Health,9908
2021-09-23,Health,7678
2021-09-24,Fitness,8905
2021-09-25,Fitness,9727
2021-09-26,Fashion,4765
2021-09-27,Family,9692
2021-09-28,Food,6090
2021-09-29,Music,3667
2021-09-30,Fitness,1686
2021-10-01,Food,9603
2021-10-02,Food,6459
2021-10-03,Fitness,6998
2021-10-04,Culture,6462
2021-10-05,Family,2333
2021-10-06,Family,1537
2021-10-07,Fitness,5788
2021-10-08,Music,7158
2021-10-09,Family,7009
2021-10-10,Food,3990
2021-10-11,Music,5580
2021-10-12,Food,2961
2021-10-13,Fashion,3377
2021-10-14,Health,9194
2021-10-15,Music,4745
2021-10-16,Health,375
2021-10-17,Music,79
2021-10-18,Music,9805
2021-10-19,Health,3656
2021-10-20,Fitness,1150
2021-10-21,Fitness,8177
2021-10-22,Family,9500
2021-10-23,Food,765
2021-10-24,Fashion,8329
2021-10-25,Family,4233
2021-10-26,Fashion,5452
2021-10-27,Fitness,2291
2021-10-28,Music,6859
2021-10-29,Culture,1731
2021-10-30,Music,1356
2021-10-31,Food,2089
2021-11-01,Food,4651
2021-11-02,Food,2726
2021-11-03,Health,6462
2021-11-04,Health,3537
2021-11-05,Culture,7769
2021-11-06,Music,6220
2021-11-07,Family,8835
2021-11-08,Food,1544
2021-11-09,Culture,5460
2021-11-10,Fashion,2024
2021-11-11,Culture,1460
2021-11-12,Fashion,2734
2021-11-13,Family,5344
2021-11-14,Travel,5006
2021-11-15,Music,9743
2021-11-16,Travel,8083
2021-11-17,Culture,7042
2021-11-18,Health,4944
2021-11-19,Food,8748
2021-11-20,Fashion,2273
2021-11-21,Family,5724
2021-11-22,Food,7129
2021-11-23,Culture,5811
2021-11-24,Travel,3437
2021-11-25,Culture,1108
2021-11-26,Food,4337
2021-11-27,Family,5527
2021-11-28,Culture,2335
2021-11-29,Food,9883
2021-11-30,Fitness,5695
2021-12-01,Music,8009
2021-12-02,Family,854
2021-12-03,Culture,2027
2021-12-04,Family,9869
2021-12-05,Travel,9748
2021-12-06,Culture,8492
2021-12-07,Fitness,347
2021-12-08,Music,1204
2021-12-09,Travel,1578
2021-12-10,Culture,3645
2021-12-11,Travel,16
2021-12-12,Health,190
2021-12-13,Fitness,9314
2021-12-14,Food,844
2021-12-15,Music,4436
2021-12-16,Fashion,3277
2021-12-17,Fashion,6468
2021-12-18,Music,9058
2021-12-19,Fitness,310
2021-12-20,Music,5314
2021-12-21,Fitness,5294
2021-12-22,Health,2574
2021-12-23,Culture,3340
2021-12-24,Food,2093
2021-12-25,Health,822
2021-12-26,Family,5524
2021-12-27,Travel,5214
2021-12-28,Food,3539
2021-12-29,Family,6069
2021-12-30,Health,8477
2021-12-31,Travel,3683
2022-01-01,Fashion,1666
2022-01-02,Family,8891
2022-01-03,Health,2594
2022-01-04,Culture,6298
2022-01-05,Family,9969
2022-01-06,Music,3806
2022-01-07,Health,877
2022-01-08,Family,440
2022-01-09,Food,4874
2022-01-10,Fashion,2217
2022-01-11,Music,8511
2022-01-12,Fitness,3195
2022-01-13,Food,7167
2022-01-14,Travel,4255
2022-01-15,Family,3947
2022-01-16,Food,1135
2022-01-17,Health,8487
2022-01-18,Culture,1265
2022-01-19,Health,5988
2022-01-20,Fashion,2160
2022-01-21,Fashion,7048
2022-01-22,Family,3553
2022-01-23,Fashion,2738
2022-01-24,Music,4276
2022-01-25,Health,5418
2022-01-26,Fashion,4195
2022-01-27,Culture,5171
2022-01-28,Culture,1595
2022-01-29,Fashion,9494
2022-01-30,Food,8354
2022-01-31,Family,7783
2022-02-01,Culture,8304
2022-02-02,Health,7262
2022-02-03,Family,2043
2022-02-04,Food,9473
2022-02-05,Food,1997
2022-02-06,Travel,6220
2022-02-07,Fitness,8783
2022-02-08,Culture,9967
2022-02-09,Health,8620
2022-02-10,Health,3669
2022-02-11,Music,7140
2022-02-12,Fashion,1891
2022-02-13,Music,7533
2022-02-14,Family,6745
2022-02-15,Culture,9297
2022-02-16,Health,6905
2022-02-17,Fitness,5490
2022-02-18,Fashion,2997
2022-02-19,Culture,4629
2022-02-20,Health,3408
2022-02-21,Fashion,4028
2022-02-22,Travel,4612
2022-02-23,Family,2329
2022-02-24,Fitness,3758
2022-02-25,Fashion,9658
2022-02-26,Health,3600
2022-02-27,Travel,7166
2022-02-28,Health,4237
2022-03-01,Family,5211
2022-03-02,Food,8119
2022-03-03,Health,4103
2022-03-04,Culture,6852
2022-03-05,Fitness,2801
2022-03-06,Culture,4080
2022-03-07,Music,846
2022-03-08,Travel,1713
2022-03-09,Fashion,6874
2022-03-10,Food,9015
2022-03-11,Travel,3663
2022-03-12,Family,4195
2022-03-13,Culture,3479
2022-03-14,Culture,551
2022-03-15,Food,8635
2022-03-16,Travel,756
2022-03-17,Family,5753
2022-03-18,Fashion,5673
2022-03-19,Music,119
2022-03-20,Fitness,8111
2022-03-21,Travel,1477
2022-03-22,Health,9430
2022-03-23,Family,3080
2022-03-24,Fitness,3760
2022-03-25,Fashion,6814
2022-03-26,Fitness,3910
2022-03-27,Food,3710
2022-03-28,Music,3509
2022-03-29,Travel,9610
2022-03-30,Family,3344
2022-03-31,Travel,7132
2022-04-01,Fashion,1719
2022-04-02,Health,1282
2022-04-03,Family,9388
2022-04-04,Fashion,2245
2022-04-05,Travel,3936
2022-04-06,Fitness,5502
2022-04-07,Health,8888
2022-04-08,Food,3675
2022-04-09,Food,8069
2022-04-10,Fitness,5981
2022-04-11,Travel,2234
2022-04-12,Family,8420
2022-04-13,Food,8478
2022-04-14,Travel,6315
2022-04-15,Food,5888
2022-04-16,Fashion,2824
2022-04-17,Fitness,8148
2022-04-18,Health,7290
2022-04-19,Music,6530
2022-04-20,Food,7184
2022-04-21,Food,2773
2022-04-22,Culture,7943
2022-04-23,Fitness,7610
2022-04-24,Music,2511
2022-04-25,Food,2055
2022-04-26,Music,3953
2022-04-27,Fitness,8083
2022-04-28,Health,2685
2022-04-29,Family,955
2022-04-30,Health,2161
2022-05-01,Health,3206
2022-05-02,Travel,9392
2022-05-03,Family,3311
2022-05-04,Food,8611
2022-05-05,Health,2313
2022-05-06,Health,7025
2022-05-07,Culture,3961
2022-05-08,Health,808
2022-05-09,Food,1078
2022-05-10,Music,80
2022-05-11,Fashion,8817
2022-05-12,Culture,1152
2022-05-13,Food,8374
2022-05-14,Health,7946
2022-05-15,Fashion,9907
